index,screen_name,user_id,tweet_text,length
1,petemongeau,872486509,"Date with the devil, after a full Row and strongman workout at CrossFit Zanshin interval training on the Assault Ru‚Ä¶ ",117
2,LisaGfit,312254338,"When I first began my fitness journey, I realized how difficult it can be to start &amp; continue a fitness regimen.‚Ä¶ ",118
7,NatashaRaey,65809027,Yoga retreat flight 1 of 2üíï ,28
8,Stallion3_PH,1183664430,"I'm at Planet Fitness in Perry Hall, MD ",40
10,chairyoga,104773387,"Lakshmi Voelker Chair Yoga to Hold a Teacher Training at New York Open Center January 8-11, 2019‚Ä¶ ",98
13,DiscoverAd,361139042,"New trip ‚ú®üö≤
London to Bruges is one smooth ride but what an adventure!
Cycling from the capital and crossing the Du‚Ä¶ ",117
14,Crypto_Dak,192373165,"It's all about the #gainz !  DIOXYME is supplements with morals, no gimmicks, just results.‚Ä¶ ",93
23,loriedwards,18051167,Rainbow Threddy is doing yoga this morning ,43
25,magmza,161882110,I was out cycling 4.27 km with #Endomondo #endorphins ,54
32,davidhulstedt,4281068541,"Prayer for both of us

You and I fight for healing, detox, energy, temp, family, mind, fat, loved ones, workouts, h‚Ä¶ ",117
35,YoungBlessmusic,382991447,STRONG FEMALE FITNESS MOMENTS ‚Äì HARD WORKOUT(82) ,49
50,djsuave1963,445740826,"#StairMasterTalk  #849caloriesburned 
30minutes straight (10 minutes at level 20, 10 minutes level 21, 5minutes lev‚Ä¶ ",117
52,ariel_kramer,252263561,"Me: 
*just wants to go to the bathroom*

Sophie: 
*does cat yoga on my lap* ",76
53,Kirankeihin,2922690524,"‚ÄúIf you are quiet enough, you will hear the flow of the universe. You will feel its rhythm. Go with this flow. Happ‚Ä¶ ",117
62,preetiranjanrau,374336114,Using Yoga and Tai Chi Chuan to Tune Into Your Body and Reduce Stress ,70
63,sossunshine,2761699470,alright who put JBH in a workout playlist ,42
66,HighFunctionFit,3131224282,The gym is a lot more than just turf and dumbbells. High Function Fitness is a family - a group of individuals who‚Ä¶ ,116
67,CFTrainingYard,2691028910,"CFTY - Wednesday 11/14/18
Row: 1-2-3-4-3-2-1
Work/Rest equal parts each round (1 min ON, 1 min Off, 2 min ON, etc)‚Ä¶ ",116
68,UAE_1,62753455,"Some pic of today race . Congratulations to all winner , grats to riders who qualified to Alsalam Tournament ‚ù§...‚Ä¶ ",115
73,TucsonTowers,330334341,Cycling | Arthritis Research UK ,32
76,HealthFitnessP,4357983792,Female Fitness Motivation   Work to Achieve 2014 - ,51
80,RealLamarOdom,28669612,I want to make a shout out to Nick DiFrancesco scorpilon7 and veritasfarmsofficial to thank him for giving me this‚Ä¶ ,116
84,DallasoGoing,1083668898,"ICYMI: Mavs x Lympo Blockchain Fitness App; Nokia, AT&amp;T, Jaunt Augment Reality; Roger Wilco Announces ICO -‚Ä¶ ",113
85,RiverstoneYoga,250444611,As part of our Teen &amp; Tween Youth Workshops we're excited to have Kara Popiel holding Yoga for Stress Management an‚Ä¶ ,121
86,ElReymedia,1965962130,"#SCCRiderzZ ... we made it! üíñ ... loving this family, and the fellowship of cycling. ü•∞üëÅüåà ‚Äî feeling grateful at Harb‚Ä¶ ",117
87,yshelburne,17223680,So much fun as BOTH Hayward TECHFIT teams took their games to a local fitness center for members to try out! ,109
88,TamaraBrown2012,1870137218,"Thank you to EVERYONE who made it possible to bless owner, Tamara Brown, for her birthday! We had a great time cele‚Ä¶ ",117
89,AMontgomery20,1648796617,"I just took an amazing workout with Lisa Niren and earned 1583 Fitcoin! Come run with me.
",90
92,JarrodOwenCox,328697210,Another quick 2 man limit. Had 10 ducks down within the first 15 minutes! Mac got quite the workout to say the leas‚Ä¶ ,117
93,outworldapps,4821020951,These are the best workout headphones for iPhone and Apple Watch ,65
97,essensu,20221511,"With Thanksgiving next week, u may want to be aware of this: #GMO Potatoes Are Here ‚Äì How To Avoid Them -‚Ä¶ ",107
98,TheEdgeInDelRio,1611652824,Tip: The Ultimate Trap-Bar Deadlift | T Nation ,47
99,KKrumins,27029393,I just finished cycling 2.50 km in 7m:34s with #Endomondo #endorphins ,70
103,Be_fit_Healthy,2156622991,This is BiM. It is aqua fitness ,32
116,TIDYProject,989445229,Thank you bunsandboba for debuting my concept for bringing accessible social yoga and BBT to the MT. Pleasant hood.‚Ä¶ ,117
120,BillMew,50636347,AMIA Calls for Harmonization of #Data #Privacy Policies. As the lines between consumer and clinical data systems co‚Ä¶ ,117
128,RCFVelocity,45329143,CrossFit IS for anyone! ,24
132,OnTheRunHealth,3226305525,"Today‚Äôs exercise is the side leg lift. Keep your hips stacked straight on top of each other, slightly rotate your t‚Ä¶ ",117
133,WilliamDufour7,4775544327,Lab-grown organs ‚Äògo rogue‚Äô and develop BRAIN and MUSCLE cells ,63
134,WilberJeffcoat1,574598601,"Good Day, Sun Shine.  ",22
137,jamescummiskey,416381539,Anyone been thinking about using CBD for fitness or training üëáüëáüëáüíö‚úåÔ∏èüíö ,69
148,word_34,376876772,"Lab-Grown Mini Kidneys 'Go Rogue,' Sprout Brain and Muscle Cells ",65
149,davestravelpage,28688879,Looking back to cycling from England to South Africa .... Cycling from Strasbourg to Blaustein - Update 4 cycling E‚Ä¶ ,117
151,helenbriggs79,582937041,"Saturday run, 6 months ago Lydia didn‚Äôt run, she came out with me to keep me company and found a new love üíï #run‚Ä¶ ",114
155,laura25_star,74979228,First 10k I‚Äôve ever done. Can‚Äôt actually believe this lazy lump did it ü§£üèÉ‚Äç‚ôÄÔ∏è #fitness #training . Still some way to‚Ä¶ ,117
156,geanieus,17769929,TABATA sixpack workout ,23
160,Gianni862,250524643,Saturday #Muscle ,17
161,MyGoodPlanet,4702987042,"A plunge into icy temperatures not only triggers several processes in the body to keep it warm, but also increases‚Ä¶ ",116
162,heathwblack,14092439,"Despite being the least fit person on my basketball team, I was named our fitness center's member of the month for‚Ä¶ ",116
164,djmellot,161717980,Back n da place!-in yo face planet fitness!!!  ,47
167,geardiary,11397432,Withings Pulse HR Updates a Favorite Fitness Tracker ,53
169,Jenny_Workout,1448603700,Body Beautiful Workout  ,24
173,_Lizzie_Brooks_,553188919,Happy hour yoga was a hit and a half with all of these exuberant souls! Thank you for being part of the first of ma‚Ä¶ ,117
179,FarmFairyCrafts,2680729040,"Rich in Herbal Lore, Common Rue is a Beauty that Relieves Eyestrain and Muscle #Spasms:
 ",89
182,jonathanpatz,306854368,"Global Health Institute director discusses effect of #climate change on #health, social justice‚Ä¶ ",97
186,MCAlviz,125993560,"I'm at Planet Fitness in Buena Park, CA ",40
187,dominicmunnelly,226071613,"Fairly rubbish at these but excellent for strengthening rotator cuff muscles so I‚Äôll persist 

#thewayofdom‚Ä¶ ",109
194,SJVillaFdn,966683371,"The S.I.M Gym has an exercise program to suit everybody! S.I.M. is a fun, relaxed, state-of-the-art fitness centre‚Ä¶ ",116
195,okamikai,37283754,Great training today! Thanks so much to Sensei Joe Maadi and Shihan Brian Boris Oguma BigBear Aylward for their ama‚Ä¶ ,117
196,Booger_Buns,4749632801,Basic bitch fitness #ffxiv #PS4share ,37
200,Marlo_PE,537020775,A year ago today I saw a bunch of white people doing yoga with a white instructor on a beach in India lmao. I hope‚Ä¶ ,116
203,bretrg771,3343031392,"men‚Äôs, women‚Äôs long fitness sock, leggings paperless auction  FAQ‚Äôs  ",69
205,Goody2112,538552867,"Waterloo Bantam hockey team attends workshop at KW Cycling Academy!!

Thanks Coach Ali Vy for putting the team thro‚Ä¶ ",117
206,i_razank,619763071,"I'm at Fitness Time Ladies in Riyadh, RiYADH ",45
208,IrishTimesFit,596541988,"‚ÄòI revel in my idiocy, and the next crazy challenge‚Äô ",53
211,CoachNorrie1,92045582,AND THE CROWD WENT WILD.   In Abuja airport awaiting flight to Lagos. All quiet then The Eagles have a failed shot‚Ä¶ ,116
215,manish1993Sing1,3014322114,"M3 Fitness Band by Landmark!

All-day Activity Tracking: Accurately record all-day activities like steps, distance,‚Ä¶ ",117
219,MoorparkXC,1950671084,"STATE 2018. On a 6th runner tiebreak, our boys advance to state for the second straight season and second time in s‚Ä¶ ",117
221,ThailandYoga,50760444,Turn Your Om On: 8 Great Yoga Styles to Try - Parade ,53
223,rusthawk,129148541,GIVEAWAY ALERT! Enter to win a full collection of yoga gear from prAna! Two lucky winners will receive their choice‚Ä¶ ,117
225,ThailandYoga,50760444,Using Yoga and Tai Chi Chuan to Tune Into Your Body and Reduce Stress - Parade ,79
227,Insomne,3336761,"S√°bado:

WORKOUT
15 MIN TIME CAP:
TEAM
20 WORM SQUATS 

PAREJA 1 (HOMBRE / HOMBRE): 
50 THRUSTERS

TEAM
20 WORM SQU‚Ä¶ ",117
231,StoreMotorcycle,3022819222,Throttle Muscle TM8487-C ‚Äì Brake Parts Cleaner 50 State Compliant Non-Chlorinated 13 Oz Case of 12‚Ä¶ ,100
235,cstegmaier,18097588,The Tension of ‚ÄúHell Yeah‚Äù vs. The Obligation of Accountability (and a Backblast). Some commentary on our arguable‚Ä¶ ,116
237,WorldHealthScot,3301730613,Yoga and meditation on the increase among American adults and children  ,72
243,QuinnEaker,2415212156,"First time for Chinese chicken feet. Look gross actually pretty great. Lots of cologne good for injuries.
#foodporn‚Ä¶ ",117
246,ufdelhi,1943995843,Setup gym in New Delhi Gym Equipment Manufacturer - Universal Fitness ,70
248,bodiesynergy,466624442,BODIESYNERGY Fitness: being thankful - ,39
249,robin757,17752321,congrats Abdullah Al Imran bhai for becoming iron man today at Malaysia iron  man contest. Awesome.  feeling proud‚Ä¶ ,116
250,Puravidafitness,48559396,Great morning for cardio football. Becky‚Äôs acrobatic dive for my poorly thrown fade pass was the highlight.üèãÔ∏èüèãÔ∏è‚Ä¶ ,113
251,opierrat,334931174,"latest #Move, Indoor cycling 43min, moderate, 23.74 km. ",56
252,Bayberto,28621043,This is my trick to go long on an elliptical . DONT LOOK AT THE TIME ! #makingfitness #Gains season is over it‚Äôs ha‚Ä¶ ,117
253,AlSharpTongue,18132420,geardiary : Withings Pulse HR Updates a Favorite Fitness Tracker  ,66
274,liverpoolcycle,149637105,Two friends from university days took our #Beatles tour this morning on #electricbikes. The weather was cold but su‚Ä¶ ,117
276,ROttoRealtor,938389345,"I'm at The Locker Room Fitness in Ferndale, WA ",47
277,Shape_Magazine,30947351,"This core strengthening yoga flow routine from Heidi Kristoffer infuses backbends to open up your chest, boosting y‚Ä¶ ",117
282,_TriathlonNews,2835058456,#triathlon IRONMANtri: A beautiful morning for today‚Äôs Saguaro Sprint in Tempe ahead of tomorrow‚Äôs IRONMAN Arizona‚Ä¶ ,116
283,msscubs,2438704052,"Audrey Suarez ‚Äò21, the CIF D4 runner-up! Team results to come ",62
284,SwimBikeRunEver,526624631,#triathlon IRONMANtri: A beautiful morning for today‚Äôs Saguaro Sprint in Tempe ahead of tomorrow‚Äôs IRONMAN Arizona‚Ä¶ ,116
285,artkidsucks,2225969900,Found my little booba doing yoga this morning ,46
286,marekwaw42_com,2719763572,I just finished cycling 8.07 km in 30m:16s with #Endomondo #endorphins ,71
287,BradPilon,18927395,"These are plasma cars. If anyone asks, I tweaked my back yesterday doing a super manly max deadlift, and NOT from r‚Ä¶ ",117
288,BlogsFitness,2578570280,Day in the Life of a Fitness Blogger‚Ä¶plus a HUGE¬†announcement!! ,64
289,pappymax,158270604,Lab-grown organs ‚Äògo rogue‚Äô and develop BRAIN and MUSCLE cells. ,64
290,kevinmccabecbs,775087573,"Great having Former Corona del Sol baseball player Tom Hatten in studio, his book Dream On documenting his life and‚Ä¶ ",117
291,mikeinspiresme,3227216681,"Hike with Mike - How to maintain the weight you lost and not gain it back

#mikeinspiresme #lifestylemedicine‚Ä¶ ",111
294,AthleticareOrg,2974717161,Sometimes self care can be accomplished in groups. A few of our fellows took some time out of their Saturday to pra‚Ä¶ ,117
296,ficklin,12508782,Upper-Body Chair Workout for Older Adults - SilverSneakers ,59
302,TrinityChicago,24477608,Sending a huge ‚Äúthank you‚Äù to all those who participated and donated to Operation Food Share Via ‚ÄúWorkout for the H‚Ä¶ ,117
304,OHMileSplit,66898879,Team Ohio's Gracie Sprankle takes a runner-up finish with her time of 18:30.30 ,79
305,IBMichaelMartin,2477593639,"My mind and body are under construction. Trying to become the best version of myself, also boxing is a fantastic wo‚Ä¶ ",117
308,_RG09,551440568,"üí•üí•üí•GRUNTüí•üí•üí•
USE CODE T20RORYG FOR 20% off EVERYDAY!!!!!!!!
Grunt is a potent and effective EAA formula packing 9 am‚Ä¶ ",117
309,fittykat,15873870,Make this weekend about trying something üåü NEW üåü It could be a NEW #workout or NEW dish or NEW pass time or NEW VIB‚Ä¶ ,117
310,SH_CrossFit,3247128268,"HOOTIEHOO
‚Äî-
AMRAP 15
2 Rounds
  32 DB Lunges 50/35
  32 Toes-to-Bar
  16 DB Power Cleans 50/35
Then
2 Rounds
  32‚Ä¶ ",116
317,fastfitbody,156365533,"Philly Fast Fit Body Fit Tip: Business Travel  or Regular Training - When traveling out of town, book a hotel with‚Ä¶ ",116
318,yegfitness,1240449499,Never miss an issue. Subscribe or renew to YEG Fitness magazine and save up to 33% off the cover price:‚Ä¶ ,105
325,MoNsTeR_X6,271469255,I'm at Fitness time in Dammam ,30
326,nursetokki,1417623218,"Day 34:

I was wondering how my count was off lol. Because my workout week starts on Monday. So yesterday was 33. T‚Ä¶ ",117
327,queendoula,254869320,"Today‚Äôs vibe is...#staypositive Look at every situation, challenge and obstacle from the positive side.‚Ä¶ ",105
329,sooziemb,62851598,#Toning up is just one of the reasons you should start moving with #Pilates...‚Ä¶ ,80
330,wtbentley,31634916,Sending a huge ‚Äúthank you‚Äù to all those who participated and donated to Operation Food Share Via ‚ÄúWorkout for the H‚Ä¶ ,117
341,Auto_Codes,4658986153,P2014 LINCOLN - Intake Manifold Runner Position Sensor/Switch Circuit Bank 1  ,78
344,sashiano,309787590,Saturday morning workout üèãüèæ‚Äç‚ôÄÔ∏è ,31
346,GladstarGTSchl,1650936661,Negotiating the Impossible: How to Break Deadlocks and Resolve Ugly Conflicts (without Money or¬†Muscle) ,104
350,TheBykov,60140364,Awesome start to a day! 2 mile run then 15 minute workout. Then wifey said let's do the run again. So another 2 mil‚Ä¶ ,117
351,storiesflowcom,4289485636,(Daily Mail) #Test tube kidneys 'go rogue' and sprout #BRAIN and muscle cells : The lab-grown organs which were cre‚Ä¶ ,117
354,renata__gomide,1112316176,"#yoga and #meditation have had benefited my life so much in the past years, I just wish I've started it sooner. On‚Ä¶ ",116
357,NINA_SKY69,50122329,Had a good workout üèãÔ∏è‚Äç‚ôÄÔ∏è  this morning 8am ü§õ ‚Äî at Hardcore Fitness Boot Camp: Northridge ,89
360,scratchbarla,1441833386,Joel David Miller 50 bux and a Six pack on the robot. ,54
364,youthrunnola,269167521,"So grateful for the #504k Title Sponsor, Urgent Care Eleven (Dr.Jones), for providing physicals to any Marathon Ser‚Ä¶ ",117
373,abhawna,15909480,"Go go go this weekend! Workouts, errands, family commitments. We ‚ù§Ô∏è these busy weekends, but crave some downtime to‚Ä¶ ",117
379,luckyking007,152663320,crossfit workouts for legs Ô∏èTOP FITNESS WOMEN FITNESS ,54
382,Radiant_Rain,186655587,"Finished off some yoga last night and these leggings just stayed in place the whole time! Great price, fits great,‚Ä¶ ",116
389,kinnovision,3446847017,uh mr muscle mania ,19
390,ReadySealinc,102502684,"Let‚Äôs be honest, this wooden table runner would look phenomenal at your Thanksgiving dinner!‚Ä¶ ",94
397,Tengu86,16563600,"Blade Runner, Altered Carbon, and the Relevancy of Cyberpunk ",61
407,sportingfests,2297341766, D-MUSE Running Blet Waist Pack Fanny Pouch Pasta Adjustable Outdoor Waistband Bum Bag Fitne‚Ä¶ ,94
408,sportingfests,2297341766, D-MUSE Running Blet Waist Pack Fanny Pouch Beautiful Pink Feather Adjustable Outdoor Waistb‚Ä¶ ,94
413,Fabandfitover50,264683959,Legs day today in Devizes Leusure centre ‚ù§Ô∏è Pulse squats üëçBarbell Squats üòÉ Leg extension üåü Seated leg curl üçÄ Romani‚Ä¶ ,117
421,AM_Bressendorff,484807515,It's a real headache to find time for family AND the gym. Consider combining the two:  ,87
432,alexcosta272,2731281521,Forgot my headphones today so had to borrow the wife‚Äôs. I‚Äôve never trained with this style of headphone and surpris‚Ä¶ ,117
433,SADDAMMIHIGO,1964394306,"Benediction Continental Team' rider, Patrick Byukusenge crowns the 2018 Rwanda Cycling Cup stage , Musanze-Muhanga‚Ä¶ ",116
434,RehabHubGB,385046566,"There‚Äôs still time to book for tomorrow, west I‚Äôll have some places at Pilates, Kids Fit n Funcamp and a few sessio‚Ä¶ ",117
436,SeductiveIvy,80433418,"Started my morning off right with yogagreenbook Intro to Yoga with Ms. Starbird. 
#YogaGreenBook #BlackYogis‚Ä¶ ",110
440,CAC1985,210099534,"Frog hopper. 3rd week of cardio. It's hard work, but the change in my strength and stamina is remarkable. 

*******‚Ä¶ ",117
441,CFtradition,2995151155,Last call!! CrossFit ComPatriot Fitness Hard Exercise Works ,60
453,HarleySlayerCTY,3326979626,"Home from Afghanistan, excited to be back in my home gym! Easy squat and bench workout, and a little sled push for‚Ä¶ ",116
461,TheExperts,114263890,Lethbridge Yoga Expert ‚Äì Lyndsey¬†Brees ,39
467,BayArea247News,3086047996,Lab-grown organs ‚Äògo rogue‚Äô and develop BRAIN and MUSCLE cells ,63
471,xogossipxoxo,3084058367,"Yooo they are playing ‚ÄúDown‚Äù by fifth harmony in my fitness studio 

They have tasteeeee ",89
475,Lulu_Lapin,369000553,"‚ÄúTest tube kidneys 'go rogue' and sprout BRAIN and muscle cells‚Äù

Nope. Not scary at all. 
 ",92
476,AlliParker726,784730017,"Prd my clean at 140 this morning, missed 145 though. Doing deadlifts tomorrow! 
Ashleigh Parker did awesome and PRd‚Ä¶ ",117
483,SuchiPahi,233427213,"#Saturdays are for hot tea, #yoga, and naps ",44
485,ggtechau,2344459058,The silly season is the best time to reboot your workout wardrobe - The Sydney Morning Herald ,94
488,LatashaWrigh12a,729199704,"üíãüíã ""RT cake_eater2: Show some love to the new #A1beauty therealbcrispin She‚Äôs crazy beautiful and that body...‚Ä¶ ",112
490,EverThinkAboutT,2250660012,"Muscle Up Buttercup Disney's Moana Mini Maui Funny Graphic T-Shirt Men's and Women's (X-Large, Charcoal heather wit‚Ä¶ ",117
502,fitwithjames,344871296,I‚Äôm always looking for different ways to mix up my workouts. I knocked this sled circuit out to warmup my shoulders‚Ä¶ ,117
507,scoobasteve7132,3187296901,"Urban Meyer's watching the Maryland Terrapin running back go for a big one.. the what the f*** look
#Buckeyes ",110
509,DrTangumonkem,21536084,"Three reasons why you are not exercising.
1) Excuses: I am too tired, it is too hot, too cold,I do not have gym mem‚Ä¶ ",117
510,nicanorsnow,332300518,"This is tomorrow evening. Salem, MA at Green Tea Yoga. Kirtan with Richard Davis. A professor at Berklee College of‚Ä¶ ",117
511,AggieLindberg,1132268682,Brand new studio with great interiors and expert instruction. Thanks Kerry and good luck with your Avea Pilates Stu‚Ä¶ ,117
512,CuteAsADutton1,4159359285,"Second blog post this weekend! 
Ironically, as I share this on social media on a phone, I'm trying to cut back on m‚Ä¶ ",117
517,CrossfitLeics,541909869,"Last WOD of our Hero week, finishing it off with 343 in honour of the firefighters that lost their lives in 9/11.‚Ä¶ ",115
519,contestedspaces,1533072746,I have seen gravel roads today that are beautiful beyond explaination. Cycling them with two of the most formidable‚Ä¶ ,117
523,porterdeleon,311664727,The mask chronicles - Time to go to the gym ,44
526,HealthFitnessP,4357983792,Carol Saraiva - fitness bikini model - workout motivation | Female Fitness Motivation - ,88
527,FuzziJones13,483178852,Strict Pull-ups For CrossFit¬Æ: The Ultimate Guide ,50
533,enettervil,26757104,"#Quit !
Just Finished A Great Workout!
#Boiler_Up! ",51
541,One_Fine_Ryan,3260119832,"One of the great things about boot camp workouts is that they can be done almost anywhere. This morning, our ‚Äúgym‚Äù‚Ä¶ ",116
547,BGBellaDonna,141171268,Mens Cross Crucifix Wooden Gemstone Necklace Beaded Hematite Dark Brown Wood Pendant Meditation Mala Yoga Zen Brown‚Ä¶ ,117
550,aaronmckillip,514228298,"Testing time!!

Just finished the first official test at Lee's Summit Academy of Martial Arts in our Youth Kung Fu‚Ä¶ ",116
553,AskEricaM,189391018,Today‚Äôs yoga üßòüèΩ‚Äç‚ôÄÔ∏è on the rooftop taught by empowerme_yogi was simply amazing! I can‚Äôt wait to the next yoga sessio‚Ä¶ ,117
554,aaplnowcom,102336217,[ These are the best workout headphones for iPhone and Apple Watch ,67
556,robinson_kate,293191143,"Sums up my Saturday cycling shenanigans rather nicely. Great racing, technique coming on nicely and a top half fini‚Ä¶ ",117
560,flinsfitness,278446213,Here's us coaches at Buggy Beat Orpington! Outdoor fitness &amp; indoor Fitness Pilates - drop in with your little one‚Ä¶ ,120
561,Cycling_TT,3369012191,Near Miss of the Day 215: A trio of near misses after the clocks went back #cycling ,84
564,DonaldSGrandy,15280716,Carb Cycling vs. Keto Diet vs. Paleo Diet  #diet ,49
569,Law_DistrictAAC,873943076,Cracking day for Darran Muir at the British &amp; Irish Masters Cross Country Championships today in Swansea.  Darran w‚Ä¶ ,121
574,MCBlakk,731980970,#gymtime  Mannie....... ,24
578,DailyDealFeeds,350802962,ARSUXEO Winter Warm UP Thermal Softshell Cycling Jacket Windproof Waterproof 15-k - ,84
580,AnaglogsDaughtr,395514224,"A picture of a shocked looking squirrel has been declared the funniest animal picture of the year.

The image, call‚Ä¶ ",117
584,Exercises_Act,2808695140,Workout Challenge for Beginners  ,33
587,watchingeye,20716703,"Surprise, surprise: Lab-grown mini-kidneys unexpectedly develop brain &amp; muscle cells - 'PANDORA'S PARADOXES IN THE‚Ä¶ ",120
590,thetimes,6107422,"At 6‚Äô 5‚Äù and weighing 287lbs, Josh eats more than 7,000 calories a day to increase muscle through rigorous exercise‚Ä¶ ",117
591,ecoridescayman,4340351472,There is no better way to see the beautiful fishing village of #eastendcaymanislands than on a #bikeride with your‚Ä¶ ,116
592,digbijaypradhan,151974582,I just finished cycling 21.10 km in 1h:12m:20s with #Endomondo #endorphins ,75
594,katydubs,248570361,‚ÄúYoga will relax you after a night out‚Äù ,40
597,Alice_Health,1464270986,Lower Ab Bulge Buster Workout  ,31
599,Kalum19,181717521,"Tried muscle ups.... 
felt stupid, looked stupid.
It was like I was humping the air ",84
600,GoMastodons,54971750,Emma Refuse runs the national championship course in 20:45.18. It is the fastest time ever recorded by a Summit Lea‚Ä¶ ,117
602,sachinbsas,2449008097,RT DailyInfographc: The 5 Minute Office Workout ,48
613,shedoesthecity,17692952,"PUPPY YOGA: This WILL sell out, so try your luck for tickets ASAP.
",67
615,AdvancedOrthoLV,1043099413,Yoga is a great way to strengthen your muscles gradually without too much strain on your body! Try doing a few yoga‚Ä¶ ,117
617,Willow_Fdn,32345620,This evening we're also saying thank you to someone very special. Richard has taken part in 94 challenges across al‚Ä¶ ,117
618,1027KIISFM,19046392,All this weekend we have your chance to win a 4-Pack of tickets to enjoy Six Flags Magic Mountain Holiday in the pa‚Ä¶ ,117
619,GetHailie,113256205,Medical #technology should be easy to use &amp; integrate into your #health management plan. Our goal is to make the Ha‚Ä¶ ,121
621,sweet7angie,439714210,Saturday workout ,17
627,NutleyLife,2439337028,STARTING; Intro to Yoga WorkShop - ,35
632,sunilkeshari556,2659340514,Xiaomi Mi Band 2 Black unboxing | Fitness Tracker  #youtube ,60
633,Beyond_Physical,897936614,‚úÖ‚úÖFITNESS FOR A CAUSE‚úÖ‚úÖ Your Beyond Physical Family would love to invite yo to a special event for our members only‚Ä¶ ,117
634,LaughingLotusSF,96233335,Dear Community - Jasmine Natasha Tarkeshi has some wonderful practices on Yoga Anytime if you have an air purifier.‚Ä¶ ,117
639,blessedache,2299495644,"If you don't root out the weak from your life you'll always have those obstacles in your way 
.
#je3 #JesseEstrada3‚Ä¶ ",117
646,2healthylife,105651468,One Simple Hack to Stop Screwing Yourself Over #fitness  ,57
647,VitaminShoppe,40263343,"The underwater workout trend, debunked. ",40
648,arcptplus,1545926352,Today is 'Take a Hike Day.' Celebrate by spending the day outside being active and doing your mind and body some go‚Ä¶ ,117
651,kellydietrich,62533720,"White, Teal &amp; Purple Mandala Bags
20% off most items today w/code: TAKE20
Visit my shop ‚Ä∫  ",95
656,AamirAliKhanADV,237359202,Madhuri Dixit at the age of 53 with her adorable smile dancing and showing her fitness level ‚ù§Ô∏è ,96
660,muc_off,20051159,"With split fibre technology and ultra absorbency, our Luxury Microfibre cloth might be the most sophisticated cloth‚Ä¶ ",117
661,muscle_fitness,17244973,"It's a balancing act, but it can be done.
",42
663,OilLubeNews,221087509,"ACE Jiffy Lube was well represented at the MDA Muscle Walk of Miami on Saturday, November 3rd, with 16 employees an‚Ä¶ ",117
666,LauraDowFitness,3362820556,at Onelife Fitness - Rockville ,31
671,SDEntertainer,29775033,Essential Supplements for the Fitness-Minded Individual -  ,59
676,SFGym,48946813,"Workout of the Day, Sunday 18th November¬†2018  ",47
684,dixiebotanicals,755934060,With the new Dixie Botanicals¬Æ CBD Vape Liquid comes new KandyPens Vaporizers to bundle it with. It's perfect fit t‚Ä¶ ,117
689,AF_Merrillville,3270306332,"We got a great workout for day 6 of #BURNTHETURKEY  

Crazy 7‚Äôs and it‚Äôs as crazy as it sounds 

4 movements-7 reps‚Ä¶ ",117
695,AnitaHendrieka,437151749,"RT A Workout Perfect for Your Travels. Try These Five Simple Exercises to Conquer Common #Travel Challenges, via‚Ä¶ ",114
698,SKYBOXGLOBAL,71360311,"Fueled by fashion and inspired by cycling, the gear we pull on and the bikes we ride continue to be a statement of‚Ä¶ ",116
703,MontcalmUK,305491837,"A week from today, Yoga, Boost &amp; Brunch is coming to Montcalm London Marble Arch. We look forward to seeing you at‚Ä¶ ",120
704,personalfitnes3,1476742116,Pump Up Your #Chest With This Brutal Pushup Challenge ,54
706,FitnessHQ2,3493654456,Add a new career to your #Christmas list with our Fully Funded #EliteFitnessEducation Level 3 Personal Training cou‚Ä¶ ,117
718,Zeeshan_Khan303,1688018839,"Imagination is like a muscle. I found out that the more I wrote, the bigger it got.
 ‚Äî Philip Jos√© Farmer‚Ä¶ ",107
730,JeremyShermn,76866558,"ODE TO DELIBERATE COUNTER-SPIN

The tools of spin are used to win by both the saints and sinners.
To serve our hust‚Ä¶ ",117
734,OlneyRugShop,238256102,"Hand Knotted Aqcha Runner from Afghanistan. Width: 50cm x Length: 150cm. 
Only ¬£75 
 Browse‚Ä¶ ",93
736,2howyalldoing,27129854,Don't waste those seeds packed with magnesium and zinc after you've carved your pumpkins! They can be easily incorp‚Ä¶ ,117
737,DrTangumonkem,21536084,"The solution is to stop giving excuses, teach yourself about the benefits of exercise and change those you hang aro‚Ä¶ ",117
739,AstraHealthcare,2203361131,"It is said that exercising is great for the mind, body and soul. It also reduces the chances of contracting various‚Ä¶ ",117
742,ucanyoga,439593714,"#Repost shapeshiftwellness
„Éª„Éª„Éª
‚ÄúTraditional‚Äù yoga poses like shoulder stand (sarvangasana) and others can wreck our‚Ä¶ ",117
747,OgbeniDipo,153529375,"Congratulations to Juliet Ekoko, the second runner up in the Senior Category of #Cowbellpedia Maths Competition.‚Ä¶ ",114
752,RacelandDance,3697269797,"üèÜ1st Runner-Up KHSAA Section 4 Small Varsity Jazz
üèÜ1st Runner-Up KHSAA Section 4 Small Varsity Pom
State, here we c‚Ä¶ ",117
768,SeedmanJoel,4077561411,The single leg Pallof Press is 1 of dozens of drills I prescribe in my Best Selling ** ULTIMATE FOOT &amp; ANKLE Manual‚Ä¶ ,121
769,2howyalldoing,27129854,The EPA has reported more food reaches U.S. landfills and incinerators than any other type of waste‚Ä¶ ,101
770,Best_FitM,106139600,Running Your First 5k is Easier Than You Think  ,48
782,KINGFEIN,430425279,Test tube kidneys 'go rogue' and sprout BRAIN and muscle cells ,63
783,MyAreaYoga,224468276,Let's keep it up! üí´ #myareayoga ,32
785,JFAnderson2012,2588170741,I really don‚Äôt run üèÉüèª‚Äç‚ôÄÔ∏èüòÇ #ifyouseesomethingchasingmeyoubettereuntoo #fitand40something anytimefitnessfirestone‚Ä¶ ,113
790,zenplanner,125170394,"Greg Glassman on the shift in focus from chiseled bodies to the health benefits of CrossFit. 
",94
798,One_Fine_Ryan,3260119832,"One of the great things about boot camp workouts is that they can be done almost anywhere. This morning, our ‚Äúgym‚Äù‚Ä¶ ",116
800,worldwidenetjob,428069731,"Van Drivers &amp; Couriers Wanted - Melbourne  Go People Pty. Ltd
 Location : Melbourne VIC AU
*‚Ä¶ ",98
802,worldwidenetjob,428069731,"Van Drivers &amp; Couriers Wanted - Sydney  Go People Pty. Ltd
 Location : Sydney NSW AU
*About‚Ä¶ ",97
807,drbexl,17446633,"The Manly App Will Give You a Magical Six-Pack, But Won‚Äôt Fix the Emptiness You Feel Inside | GQ  // not a fan!",111
808,robstobs,2445517736,I‚Äôve become that person who adds workout attire to their holiday/bday wishlists. Look what I found! ü§úüèªüöÄ ,104
812,healthypower,134988102,Muscle Building Myths Exposed ,30
814,TTITAMU,102862604,#ICYMI: Houston Chronicle Series Looks At Dangers Posed by Walking and Cycling in the Houston Region ,101
816,Adriana_Fitnes,1453839164,Body Weight Super Toning Workout  ,34
818,homehealth_uk,29742694,Visit Home Health UK Ltd's online pharmacy for treatments to common stomach ailments such as indigestion and heartb‚Ä¶ ,117
820,PaulaMaier3,786766700,"Find and share the things that you are #thankful for!

I‚Äôm thankful for my family, for the ability to workout to st‚Ä¶ ",117
824,POPSUGARFitness,10921932,The scale doesn't tell the whole story.  ,41
838,AlignPilatesJac,2785058586,I wasn‚Äôt going to work out today #todolistlong then my beautiful Pilates Clients ROCKED their morning session leavi‚Ä¶ ,117
842,fitwithliss,2305742491,I‚Äôve been kinda absent round here but I‚Äôm still doin my thang üíÅüèª‚Äç‚ôÄÔ∏è Tuesday morning my oldest Son came out to the g‚Ä¶ ,117
845,afpelham,2905364417,Lunge into your Saturday workout like.. #AFpelham ,50
846,promzydmighty91,476007949,"Congratulations to Juliet, 2nd runner up senior category #Cowbellpedia #CowbellAndMathAt20 ",91
859,dpjone,51843168,I was out cycling 7.00 miles with #Endomondo #endorphins ,57
860,sugbuk,131147096,"At LiveWell Fitness , We Love to make Our Clients Look Good and Live WellüòÉüôäüòçüëåüèº ....Just thought to also share that‚Ä¶ ",116
884,Lexonidas,290151099,"Start kicking some ass with this Introduction to adding Boxing into your workouts!
DON‚ÄôT BE AFRAID TO STEP UP!‚Ä¶ ",112
885,drinkawaste,98616040,Villa Maria from New Zealand. Alcohol the anti fitness drug.  ,62
887,LPFworkout,2454577262,"If you want to look good and feel better, #LowPressureFitness is one resolution you can keep. It's time to focus on‚Ä¶ ",117
893,GillSmithVP,132847356,The latest The Integrative Oncology ‚Äì Expanding treatment choices available to cancer patients Daily!‚Ä¶ ,103
894,LisaGRockaZumba,22148353,Saturday‚Äôs!!  Fitness and Mental Health Awareness!  We are dancing üï∫ our way to a happier lifestyle!  They are happ‚Ä¶ ,117
895,TamaraBatesRhod,399770251,üò≥üò∑Second case of rare paralyzing disease confirmed in South Carolina ,69
902,GetFRFit,2806119581,"Do not wait until the first of the year to start working on your fitness.  Thousands of firefighters, EMTs and medi‚Ä¶ ",117
904,GetFRFit,2806119581,"Do not wait until the first of the year to start working on your fitness.  Thousands of firefighters, EMTs and medi‚Ä¶ ",117
907,TamaraBatesRhod,399770251,No accident that these rare diseases began when the borders were opened. -&gt;&gt; Second case of rare paralyzing disease‚Ä¶ ,123
910,TamaraBatesRhod,399770251,#CCOT Second case of rare paralyzing disease confirmed in South Carolina ,73
920,Ripper_30,2509898334,thing I really like about it is how it takes the mini-themes that Toriyama was working with in the Muscle Tower arc‚Ä¶ ,117
921,markobaloh,36365161,Nice sunny ride in a great company and somewhat winterish conditions (4-6*C). Thank you guys for the company!‚Ä¶ ,111
926,usefulsci,1543538496,Regular exercise that includes high intensity interval training (#HIIT) for 12 or more weeks is associated with imp‚Ä¶ ,117
930,BlkPoplarSheep,3325744750,These are our #Roussin pedigree shearling ewes which we have put to this year. Hoping for good things from these as‚Ä¶ ,117
933,UpwardDogYoga,976426862,"Oh man we hit the motherlode!

Just got a fresh shipment of our favourite yoga mats! The B-Mat from BYoga! Come pic‚Ä¶ ",117
937,StetsonCEdwards,372500979,Had a rocking good time at the cfchapelhill celebration of our one year anniversary! This community is one of a kin‚Ä¶ ,117
939,URLinkedUp,49069639,"Tip: A Startling Benefit of Exercise  

I've always been puzzled and annoyed at those silly‚Ä¶ ",93
940,gilliauna,84971572,#Handmade  Silver Om Necklace. Yoga Pendant Charm Necklace with Teardrop and Pearl. Yoga Jew‚Ä¶ ,94
954,kevin_steakley,770691362,It‚Äôs #WorkoutTime I‚Äôm hitting shoulders and triceps hard and I feel awesome and the workout hoddie from‚Ä¶ ,105
961,DVasquezSavesU,310729735,Cool. Great for a quick workout or when the weather is bad. ,60
962,AvecLumiere,1171812199,"Daily workout routine, then off to grab some coffee. ",53
963,fmscout,100180681,"WOW! We've just hit March and we've managed to hold on to the play-offs.

Semi-pro, really bad fitness which are ca‚Ä¶ ",117
973,BobSqCranks,2237087362,"In a winter of trying something different to mix up 'a la velo' fitness, First ever trail race survived today‚Ä¶ ",111
977,CrossFitZachary,398261787,Holiday Travel Workout! ,24
981,totjohna,1587344192,What I think of every time I grab a PVC pipe at the gym ,56
984,yelledrigues1,3420205875,Sou fitness ,12
985,Ripper_30,2509898334,One thing I really liked about Cell arc is how it takes the mini-themes that Toriyama was working with in the Muscl‚Ä¶ ,117
987,ABC10,18655359,Extra Butter: The Front Runner (4/4)  ,38
990,CedarFIT,3240815016,CedarFIT is a locally owned Private Fitness Training company providing full service lifestyle CHANGE including nutr‚Ä¶ ,117
991,CedarFIT,3240815016,CedarFIT is a locally owned Private Fitness Training company providing full service lifestyle CHANGE including nutr‚Ä¶ ,117
997,Wetinhappen,87482223,GOVERNOR UDOM EMMANUEL: THE MUSCLE IN OUR¬†BICEPS  ,50
999,thsjjournal,3929487753,"Fitness Best Aerobic 04092017 
#AerobicsAndCardio ",50
1002,moodyspeaks,2199553048,"A few years ago, while roaming, I ran Into a yoga expert. I showed him Moodyville yoga!! ",89
1011,cmoody1003,91881198,"A few years ago, while roaming, I ran Into a yoga expert. I showed him Moodyville yoga!! ",89
1015,CDMQuality,625781216,"A few years ago, while roaming, I ran Into a yoga expert. I showed him Moodyville yoga!! ",89
1016,Jebspinder,1566336170,"The younger you are when you develop high blood pressure, the more likely you are to develop heart disease and suff‚Ä¶ ",117
1017,Maya_Linn,31241644,"Sahara Rose Part II: Alkaline Ayurveda, Intuitive Eating for Your Dosha, Seed Cycling  to Regulate Period,   What H‚Ä¶ ",117
1020,PJDubyaM,35838163,"First CrossFit comp today. Partnered up with CF chum Jay. Achieved my three aims: don‚Äôt come last, don‚Äôt go home in‚Ä¶ ",117
1026,ChaseTheLadder,66317419,"Strava Training: Track Running, Cycling &amp; Swimming ",55
1035,Gurds22,16515704,He must workout üòÇ #AssassinsCreedOdyssey #XboxShare ,52
1039,Workout_Fitn,2806790152,The Best Breast Workout‚Ä¶EVER!  ,31
1044,XpertDox,4870451772,Researchers have found #evidence that a patient's own #microbiome may be the source of hospital-acquired bloodstrea‚Ä¶ ,117
1046,DebraWatkinson,2893195423,"Oh my gosh, one of 'Santa's reindeers' escaped from our community festivities today (snapped here behind the arena)‚Ä¶ ",117
1053,jaimiejacklin,2312525384,coming home to find that my sister has been using my yoga mat and a door mat ,77
1054,hvpernews,2373909360,"EU #EU #Health ""May you develop an addiction to Cup-a-Soup, only to find it is no longer available after we crash o‚Ä¶ ",117
1055,bikinibodydiet,88787932,Bikini Body Diet - How to eat healthy when the munchies strike  #health ,72
1056,CarlTheTrainer,426801360,I love a ‚Äújust making this one up‚Äù workout with awesomely amazingly superb PFT Family!!! ‚Äî at Pure Form PFT Stockton ,117
1059,OfficialMMCFIT,2347485163,"MMCFIT‚Ñ¢
Wanted to give a quick shout out to i_b_in_the_gym He‚Äôs been crazy focused lately and it‚Äôs definitely payin‚Ä¶ ",117
1071,BMCNutrition,14433975,"PURE Saturday Morning Grind!!
Can't wait to bulk up on some good bad food next week for Thanksgiving.
I'm Thankful‚Ä¶ ",116
1075,bluesavannah200,29501102,Another great upper body workout with Josh. Shoulder is feeling better and better each week thanks to the Warmup Jo‚Ä¶ ,117
1076,sticky_bottle,358997517,"Cycling project starts with ‚Ç¨840,000 phase one in west of Ireland ",66
1077,JimChampaigne,1142263182,Enter the EdgeCrossX Sweepstakes to win your own core-sculpting full body EdgeCross-X portable gym system!‚Ä¶ ,108
1079,crys1788,30108508,Please excuse my chapped lips in this pic--I forgot my lip balm this morning. üòÇüòÇI had to oblige the kid with smiley‚Ä¶ ,117
1080,RoytheBikeman,3874818394,Hill Climb Diaries  - Cycling's Toughest Season &amp; Your Questions Answered - ,80
1081,imANShinde,3243069637,#FitnessChallenge Night Workout üòé ,34
1083,HUGmentalhealth,2154636030,"INTERNATIONAL MEN'S DAY 
This was celebrated with about 30 people attending a Men's Health Forum at an Inverness Ho‚Ä¶ ",117
1085,CFTrainingYard,2691028910,"CFTY - Thursday 11/15/18
Workout: 30min cap
10 Strict Press (135/95)
10 Squat Clean (136/95)
20 Push Press (155/115‚Ä¶ ",117
1089,TonyLittleReal,978851197,Don‚Äôt miss me live on Canada‚Äôs #TSC tonight at 11pm ET &amp; tomorrow starting at 8am ET - I'll be showcasing my‚Ä¶ ,114
1092,FitnessTS,2420795792,"üí•Start a new career 2day                                           üí•

#fitnesscourses‚Ä¶ ",87
1097,joshuams13,1906157186,aunt patricia bought an elliptical today and it was such an experience ,71
1103,Shape_Magazine,30947351,"If you are a serious runner or sit at a desk all day, grab a yoga mat and relieve tension in your shoulders, lower‚Ä¶ ",116
1104,SUNYGeneseoISSS,3314904609,Workout Center  ,16
1105,ItsMadisonIvy,4925584943,"The Full Gallery: 
That pre workout... ",39
1107,crazytweetname,1104808795,This 30-Minute Workout Builds Muscle in Less Time ,50
1115,BLsportswear,51954462,When those post workout feels got you like!! Ashton Pant &amp; Romee Pullover so stylish you‚Äôll be dancing in the stree‚Ä¶ ,121
1119,elthonmunoz,203179153,"I'm at LA Fitness in Alexandria, VA ",36
1122,naeem2255,44546174,"M2 Bluetooth Smart Bracelet IP 67 waterproof  Heart Rate Smartband with 0.86"" OLED Fitness Tracker Pedometer Calori‚Ä¶ ",117
1125,LisM87,1517534952,"First session of Hotpod Yoga and I bloody loved it, I had a bit of trouble taking off my sports bra afterwards thou‚Ä¶ ",117
1129,prolificliving,22965175,"Yoga Photoshoot 2011. üßòüèª‚Äç‚ôÄÔ∏èüßòüèª‚Äç‚ôÄÔ∏èüßòüèª‚Äç‚ôÄÔ∏èAs I dust off and relaunch one of the programs I‚Äôm most proud of creating, The‚Ä¶ ",117
1138,TopExercises,105758510,Runner‚Äôs Strength Training Workout  ,36
1141,SLF99,264011735,Holiday Yoga Lovers Giveaway By Om Babes #giveaway #win ,56
1142,yogianujsingh,2223683674,"With the Blessings of Sadurudeo bhagwan, today, we did Brahmvidya Vihangam Yog Prachar at multiple government offic‚Ä¶ ",117
1145,Iamyeseniaparra,1356060517,"My mind has been my most important muscle I have!! 
It‚Äôs something powerful when a woman uses her OWN mind. 

The a‚Ä¶ ",117
1152,mummyinatutu,4141129576,"You Made My Child Ill!  When there's a chance a virus can have a severe reaction, surely exc‚Ä¶ ",94
1157,Ayah_Ahmed,27554806,at XSport Fitness ,18
1163,JosephMGatti,131207970,"Me and my bro Saturday morning workout. Boxing ü•ä 60! 
‚Ä¢
‚Ä¢
Thanks to my bro for introducing me to this amazing upper‚Ä¶ ",117
1164,Jonilar,1358545663,DXD ft. Pharfar ‚Äì Copenhagen Cycling Chics (Prod. By¬†Pharfar)  ,63
1167,DamianLarbie,3136656315,DXD ft. Pharfar ‚Äì Copenhagen Cycling Chics (Prod. By¬†Pharfar)  ,63
1168,EristusScreech,1517100163,DXD ft. Pharfar ‚Äì Copenhagen Cycling Chics (Prod. By¬†Pharfar)  ,63
1169,RaphJohnsonn,3244742765,DXD ft. Pharfar ‚Äì Copenhagen Cycling Chics (Prod. By¬†Pharfar)  ,63
1170,BEASTwriter_,537553144,"Good morning, 49ers Fit Fam! Never skip leg day! This a staple for me in firing up those quads.

Pre-workout:‚Ä¶ ",111
1171,SidneyBortey,1324223869,DXD ft. Pharfar ‚Äì Copenhagen Cycling Chics (Prod. By¬†Pharfar)  ,63
1175,Kwabenayi,4876887317,DXD ft. Pharfar ‚Äì Copenhagen Cycling Chics (Prod. By¬†Pharfar)  ,63
1176,Sseery_89,986103252,Decided I would make use of my time in Holland and start running. Could barely go half a mile my first run without‚Ä¶ ,116
1182,DonEllaCL,32667181,There is nothing better you can do for your body than to diversify your workouts.. Try skipping for 15min at the en‚Ä¶ ,117
1191,hsbscenery,142067165,Awesome Recycle Transparent Plastic Container Box Idea|How to recycle container box|best reuse idea‚Ä¶ ,101
1196,PDeliverance,130510212,"Choose Strength. Lift the Weight. Eat the Food. Sleep. Recover. Most importantly, be deaf to the outside noise and‚Ä¶ ",116
1202,pluktwit,263758220,I just finished cycling 4.38 km in 11m:14s with #Endomondo #endorphins ,71
1205,SlaveLakeDental,123714983,Slave Lake Dental is sponsoring the Seniors Winter Walking Track at the Multi Recreational Center for the entire mo‚Ä¶ ,117
1211,IRONSIDE_GYM,403828482,Haven‚Äôt been here since I was 17 wow time flies üí™üèª ‚Äî at Champions Fitness Club ,79
1217,jagarza86,219156091,"latest #Move, Cycling 4h 4min, moderate, 79.69 mile. ",53
1220,LELEMARGOT,278382811,"do not mock those who are trying to change, but encourage them to pull off the maximum! mocking the weaker will not‚Ä¶ ",117
1221,yogashero,284229405,"|FRIDAY FITNESS|üí•
‚Ä¢
I‚Äôve been traveling so it‚Äôs #fridayfitness on Saturday! üòÇ My friend asked me to share some ab w‚Ä¶ ",117
1224,lookralphsbak,325246393,I just finished cycling 1.97 miles in 12m:35s with #Endomondo #endorphins ,74
1226,NCCAOM_Official,4549081542,"As mainstream attention for acupuncture increases, we look to the future of the patient experience. #NCCAOM‚Ä¶ ",109
1227,silvermoonprint,44902821,Blade Runner Movie Quote. Typography Print. 8x10 on A4 Archival Matte Paper.  #Christmas‚Ä¶ ,90
1237,TomIto79,2901066684,It has been a while since I coached XC but I had a runner go to state as an individual.  After taking out runners f‚Ä¶ ,117
1246,julianmethod,3582882197,Barre Workout ,14
1255,SueSanity,557935291,I want to thank the Staff at CUPE 1348 and the GECDSB for inviting SueSanity out to this fantastic Professional Dev‚Ä¶ ,117
1257,Jori5280,14967472,I just finished 30m:01s of doing elliptical training with #Endomondo #endorphins ,81
1265,MedFitGroup,2548545750,Sam Shadburn Exercise physiologist with Medical Fitness and Wellness Group talks about our Osteoporosis Exercise Pr‚Ä¶ ,117
1270,Bailey_jones15,724602236,I love these girls! Thanks for the killer workout jeswithone_s and jennyfrmthegym for the motivational crap talking‚Ä¶ ,117
1273,willvo2maxout,246980882,Cycling: Tour Of Fuzhou 2018 Stage 4 ,37
1275,TheFitQueenB,16909093,Saturday Workout And Client Flow.....‚ù§üí™‚ù§ ‚Äî feeling pumped at Sport&amp;Health Worldgate ,88
1284,sueludwig,28650721,Workout ‚úÖ. Better late than never. #dragmyselfhereinwinter ,59
1302,udym44,18486151,I just finished cycling 29.10 km in 2h:09m:07s with #Endomondo #endorphins ,75
1303,eddiebcalvary,2513023153,Test tube kidneys 'go rogue' and sprout BRAIN and muscle cells ,63
1304,distortthecode,18360187,"Been ill all week, but I‚Äôve been to yoga, done my make up and actually going to socialise tonight üôå ",100
1307,Typhfoon,2919234751,Whoever lost a size 7 wave runner at Astroworld I got your right shoe #Astroworld ,82
1308,RandazzoMarket,91274754,"New and Amazing at Randazzo Fresh Market, Fit 2 Go Meals!!!!!   These healthy low calorie meals are prepared daily‚Ä¶ ",116
1309,woning,14201897,I just finished 1h:18m:02s of cycling with #Endomondo #endorphins ,66
1312,crwriter1,404290687,The Wild Ride  #health ,23
1314,ruth_greene,568344779,Father of Maura Binkley speaks after daughter's death in Hot Yoga shooting ,75
1316,LJakimiak,3034871021,Terrific week at Zane North! Thanks to everyone for supporting the Fitness Fair and American Education Week!‚Ä¶ ,110
1317,alholt_89,2395889095,Did some sumo deadlifts yesterday for the first time in a couple of months. Started nice and light but felt oh so w‚Ä¶ ,117
1318,LifeCoachView,705224334,"Mental fitness session.

 ",26
1326,rosmallwood75,1096150910,"I'm at Gtn Rdy For Work in Muscle Shoals, AL ",45
1329,rosmallwood75,1096150910,"I'm at Gtn In Shower in Muscle Shoals, AL ",42
1330,dianekleins,35586526,Workout # 8 of 42 great upper body workout this morning with coach Lucas and the Saturday 8 am team!!!üî•üòÉüî•‚ù§Ô∏è ‚Äî at Re‚Ä¶ ,117
1333,BrainMolMkting,2841173607,"‚Äú‚Ä¶ stress hormone exposure in early life can result in reduced developmental flexibility, with potential fitness ra‚Ä¶ ",117
1338,The_MGDF,1916718625,Fit in my 40s: ‚ÄòYou could do a workout using only your body and resistance bands‚Äô  ,83
1341,EAMOperations,228859861,"#ShiftIntoWinter REMINDER:If you plan to travel outside the Lower Mainland and southeastern Vancouver Island, winte‚Ä¶ ",117
1346,SimplxeSierra,1320794574,"My CrossFit box is collecting items (and money) to donate to CrossFit Made who not only lost their box, but most of‚Ä¶ ",117
1349,muscleboundmama,221612719,The benefits of taking control of your relationship with food are many. Fat loss is the most obvious and most highl‚Ä¶ ,117
1351,kharllos06m,118384631,em Mais Fit . Fitness Center ,29
1352,FBIOmaha,346090893,"#DYK the #FBI's newest application, the FBI Physical Fitness Test app, allows aspiring agents and fitness enthusias‚Ä¶ ",117
1355,sharjah24,2896213998,"LSDA organises a yoga session for 5,000 workers 
#Sharjah24 ",60
1356,allneedles,429298253,Today we were parkrun touring to Newbiggin-by-the-Sea. My first ever start on the sand. Lovely picturesque course a‚Ä¶ ,117
1359,CoachCMcGinnis,2697009874,Here are your champion and runner up for the first annual c club turkey trot with their turkeys. 60 runners. Thank‚Ä¶ ,116
1365,Lumbee__25,452571058,"That look of being fed up lol
d_yanosik's third and final attempt at 315 with depth.  With some confirmation from a‚Ä¶ ",117
1373,Coach_Cambio,25121423,It‚Äôs National Take A Hike Day!  Lots of hiking going on today at the StrongFirst Kettlebell Course is under way!‚Ä¶ ,114
1376,jmerinmo,363854504,I just finished cycling 66.20 km in 2h:33m:00s with #Endomondo #endorphins ,75
1378,PicassoWrites,4074372137,The #Importance of Mental Fitness ,34
1379,TheHammerSquad,378641069,Had a great time with the kids today at the fitness expo! Thanks Aaron for the invitation! ‚Äî at Jersey City Global‚Ä¶ ,116
1380,prolificliving,22965175,"Yoga Photoshoot 2011. üßòüèª‚Äç‚ôÄÔ∏èüßòüèª‚Äç‚ôÄÔ∏èüßòüèª‚Äç‚ôÄÔ∏èAs I dust off and relaunch one of the programs I‚Äôm most proud of creating, The‚Ä¶ ",117
1383,gothunderwolves,94353422,MXC: Marcelo Laguera finished runner-up and Derrick Williams was 5th at the #NCAAD2 South Central Region Championsh‚Ä¶ ,117
1385,kekekeniia,1624910635,"If I send my boyfriend a bomb ass selfie he ""likes/loves"" the picture (btw I hate you apple reactions) but if I sen‚Ä¶ ",117
1387,DjDon_Key,222333938,Saturday morning #Grind be like.. 10 hills non-stop and 5 miles on the elliptical after that.. #WeGotGoalsüí™üèΩüí™üèΩüí™üèΩ ,113
1388,Biggdavet,20705041,"After a 1000 meter run, 30 ring muscle ups, and 60 chest to bar pull ups these guys are crushing some handstand wal‚Ä¶ ",117
1389,niren_p,238079769,"The joy of practicing with your loved ones. It inspires the entire family to participate.
Backbends Saturday with t‚Ä¶ ",117
1392,CODkiller29,2325628922,This is me this is why I do this motivation is what it's about being positive knocking out negativity we are all in‚Ä¶ ,117
1394,NorwichCycling,3990444688,"Improving cycling and walking infrastructure can increase spending in shops by up to 30%, according to a... ",108
1401,optihealth,224809364,All salmon in supermarkets here is farmed. You can tell this by looking at the flesh. The layers of white between t‚Ä¶ ,117
1403,HealthFitnessP,4357983792,Mark Wahlberg's Insane Workout Routine | Train Like | Men's Health - ,69
1409,GdSpiderBat,460776584,For #blackfriday there will be a sale of 20 percent off all personal training packages. Message for more details.‚Ä¶ ,115
1410,katgyrl,19467464,"watching Blade Runner 2049 again.  every frame is a work of art and Sylvia Hoeks is so good as Luv, i just hate her‚Ä¶ ",117
1415,SCHSL,293532271,AAA Competitive Cheer 1st Runner up... LIBERTY HIGH üì£üèÜ ,55
1418,annesmiless,4664081013,Lower-Body Workout with a Sweaty Finisher ,42
1420,CarolannUtley,437925297,"The undisputed, most athletically-challenged girl on earth training for greatness üèÉüèª‚Äç‚ôÄÔ∏è
#athletictraining #gymrat‚Ä¶ ",115
1425,distortthecode,18360187,"Been ill all week, but I‚Äôve been to yoga, done my make up and actually going to socialise tonight üôå #selfie #autumn‚Ä¶ ",117
1427,iEditProjects,385525874,Premieres Today 6:30pm EST (BIO LINK ‚òùüèæ) For the 3rd year straight I‚Äôll been able to film this phenomenal group of‚Ä¶ ,116
1428,azielena,236937010,Neuroscience Just Explained Why This Simple Technique for Calm and Mental Focus Works So Well‚Ä¶ ,95
1435,CannonHparkrun,360137210,A big thank you to all of our brilliant volunteers (around 40 of you) that turned out to look after 691 runners and‚Ä¶ ,117
1437,miznette,23322998,Another workout with the fire üî• men - this time lieutenant kevin got a wake up call in the form of athletes workout‚Ä¶ ,117
1438,anchorujjwal,82574109,For all the hoookads ,21
1440,Obscurenyc,293084735,"OMG! This is scary! Test tube kidneys 'go rogue' and sprout BRAIN and muscle cells
 ",84
1441,victorrival,1408749504,"Just posted a full leg workout on my YouTube Chanel. Here is the intro. Here‚Äôs the link. 
Th‚Ä¶ ",94
1448,2healthylife,105651468,Principles for responsible international investment in food and agriculture #health  ,85
1449,WeightLoss_Feed,1376636785,#workout : 6 Easy Exercises to Tone and Trim your Inner Thighs  ,64
1450,sleepdeep,1454573941,An excellent article from #USAToday on why sleep deprivation is toxic to your health.  ,87
1454,GloucesterGHS,3409036061,"Members of the Varsixty XC team are always so excited to compete, especially today! Nice running at the Cpl. Marc R‚Ä¶ ",117
1465,FitnessHacks101,841910365,The most underrated workout: Five reasons why you should add stairs into your training  ,88
1466,ncartmuseum,24641746,"Our popular Art-Inspired Yoga series continues Wed, Nov 28. Mindful movement &amp; the tranquil space of our galleries‚Ä¶ ",120
1473,mirandambailey,16608002,"‚Äú...whether the movie, the best crime thriller made in a decade, will be taken seriously by awards voters isn‚Äôt jus‚Ä¶ ",117
1474,Doris201510,3912073873,"BARHOMO Outdoor Thicker Warm Gloves Winter Cycling Warmest Gloves Rainpr... 
US link: 
UK li‚Ä¶ ",94
1478,ars_tv,1075026187,Something for every car taste! ‚Äî at Muscle Car and Corvette  Nationals ,71
1479,DaruStrong,428572554,Tempo SSB Low Box Squat with narrow stance. Developing strength endurance and muscle hypertrophy. Another key compo‚Ä¶ ,117
1480,addthebadd,21198217,I just finished cycling 34.79 km in 1h:29m:50s with #Endomondo #endorphins ,75
1484,YogasGotHot,1514495526,"G R A T I T U D E
.
Every yoga teacher at our studio is very special to me and YGH. Each teacher brings something u‚Ä¶ ",117
1490,hypsy_gypsy,1945321082,"‚ú®Let the beginning of your Saturday night start with some invigorating movements, bumpin‚Äô tunes, &amp; good vibes‚Ä¶ ‚ú®430‚Ä¶ ",121
1493,Salamanyon,433993311,hey man.. my butt is hurts after workout. go on my info hey man.. my butt is hurts after workout. go on my info ,112
1496,myayo001,467223641,mm..my boy. ass is hurts after workout. Just see my profile mm..my boy. ass is hurts after workout. Just see my pro‚Ä¶ ,117
1498,TuffenUpFitness,613891367,The latest Tuffen Up Fitness Daily! ,36
1501,simpson4health,208008609,Don't neglect to take pride in your #health:  ,46
1504,xbombus,782924941,hey... my ass is tense after workout. look my bio hey... my ass is tense after workout. look my bio ,100
1505,regnaulthenri,438464092,mm..my man.. ass is tense after workout. go at my info mm..my man.. ass is tense after workout. go at my info ,110
1507,ShadowKing2428,2241206219,hey man :* ass hurts after workout. see my info hey man :* ass hurts after workout. see my info ,96
1508,Antyques,1431677558,Be Still Print Minimalist Typography Art Bedroom Print Be Still Poster Yoga Wall Art Relaxation Bedroom Wall Decora‚Ä¶ ,117
1509,bradleyskaja,777155838,hey man. my butt hurts after workout. Just go on my bio hey man. my butt hurts after workout. Just go on my bio ,112
1511,sharazbfd,3123098079,feeling relaxed at Nuffield Health Cottingley Fitness &amp; Wellbeing Gym ,74
1513,meetsportslover,2520940146,Essential Supplements for the Fitness-Minded Individual¬†¬†San Diego Entertainer MagazineFull coverage ,101
1516,Champion_Puffa,4003462401,"What a bunch of unwashed tossers!!! Guarantee all of their Daddies have got a Yacht and their Mummies are in Goa, '‚Ä¶ ",117
1518,MARCUSMCFLY,14921833,pre-workout had me thinking i could run a marathon today. i basically ran to watch Alabama and Kentucky football wi‚Ä¶ ,117
1519,Studio34Philly,40179691,"Yoga for the community led by members at Studio 34! ‚ù§Ô∏è‚ù§Ô∏è‚ù§Ô∏è

Much thanks to Kingsessing Library for the opportunity! ",116
1521,frizo1976_rizo,1253336904,hey darling. my ass hurts after workout. go at my info hey darling. my ass hurts after workout. go at my info ,110
1524,bursagorkem,1482545958,ohh! darling... my butt hot after workout. look my bio ohh! darling... my butt hot after workout. look my bio ,110
1526,AnneBrookeBooks,2377394006, Atishoo and Bless You! The ABC of Mucus Management. #health ,61
1528,Blackkhorn,65158037,hey man =) my butt is hot after workout. go on my info hey man =) my butt is hot after workout. go on my info ,110
1531,victorrival,1408749504,"Just posted a full leg workout on my YouTube Chanel. Here is the intro. Here‚Äôs the link. 
Th‚Ä¶ ",94
1532,Dale_Bracewell,4040360795,"‚ÄúSmartphone data from riders and drivers schlepping meals... shows that bicycles are faster than cars‚Äù

People ofte‚Ä¶ ",117
1537,GrandeCappucina,145207402,Red governor: Communist to lead Russia‚Äôs region in Siberia after being only runner on ballots ‚Äî RT Russia ,106
1543,burakbatis,895782324,hey man. ass is hurts after workout. go on my bio hey man. ass is hurts after workout. go on my bio ,100
1545,atalay_s,625930118,ohh! my man.. ass is hurts after workout. see my info ohh! my man.. ass is hurts after workout. see my info ,108
1546,colliervillems,2325685200,"Thanksgiving Chess Tournament is over. CMS leaves with four individual silver medals, two individual gold medals, a‚Ä¶ ",117
1547,baocongcong,245549135,hey man. ass hurts after workout. look my bio hey man. ass hurts after workout. look my bio ,92
1548,ramsdenmark,22008279,"View from the North Downs at dusk 
#cycling #mycyclingweekend ",62
1549,urbanfitnesstc,1707595064,"Clam shells: perfect 4 all levels when done correctly!


#thisisurbanfitness‚Ä¶ ",78
1552,ali__kilinc,53766923,mm..my boy =) ass hot after workout. Just see my profile mm..my boy =) ass hot after workout. Just see my profile ,114
1556,iandenoronha,1097637228,hey man... my butt tense after workout. go on my profile hey man... my butt tense after workout. go on my profile ,114
1558,thaiparampil,15815676,"Test tube kidneys 'go rogue' and sprout BRAIN and muscle cells
 ",64
1564,tim_videogames,3150071837,hey man =) ass is hot after workout. go on my profile hey man =) ass is hot after workout. go on my profile ,108
1571,colliervillems,2325685200,"Thanksgiving Chess Tournament is over. CMS leaves with four individual silver medals, two individual gold medals, a‚Ä¶ ",117
1572,jensverstraete4,2176844317,mmm..honey... my butt is tense after workout. go at my profile mmm..honey... my butt is tense after workout. go at‚Ä¶ ,116
1574,jaxdotcom,15572679,Joshua Quick is a second-year law student at #FSU. He has been called a hero for struggling with 40-year-old Scott‚Ä¶ ,116
1576,TheRiverWinona,3795901999,WIN WIN WIN!!  Win some GREAT prizes down at Snap Fitness Winona for their gradn RE-Opening TODAY till 2PM!! ,109
1580,tiaslittle,102455298,Tias Little will be in Atlanta for a yoga weekend immersion November 30th to December 2nd. Register:‚Ä¶ ,102
1581,D29TX,3861716173,"The Superman Training Program: Add Size, Gain Strength, &amp; Burn Fat ",71
1582,CoreMotivation,612956643,"Kelly Ripa's workout combines choreographed dance and functional training like circuit work, body strength exercise‚Ä¶ ",117
1583,KellerCrafted,3831464113,The all Beef Grass Finished Box 7-10 w/ #BoneBroth. Perfect for #paleo &amp; crossfit conscientious consumers. A 7-10 l‚Ä¶ ,121
1584,owavesco,1270106749,Sit down with a cup of tea and unwind üçµ It‚Äôs important to take a moment and find ways to prioritize your wellbeing.‚Ä¶ ,117
1586,KocKansu,3327767921,hey darling =) my ass is tense after workout. go at my info hey darling =) my ass is tense after workout. go at my‚Ä¶ ,116
1589,LiftersGym,944693754,Awesome workout today! We had a large group show up for this mornings workout and we look forward to seeing everyon‚Ä¶ ,117
1592,Alohapoppy51,207156162,"These girls just rocks !!! Big up to them üí™üèΩüí™üèΩüí™üèΩ! #CairoCyclingGeckos: Cycle To Feed The Poor, Support Refugees ",112
1598,Sloppagame,3295435742,ooomm..honey.. ass hurts after workout. Just see my profile ooomm..honey.. ass hurts after workout. Just see my pro‚Ä¶ ,117
1599,uthoughtso,2396273707,hey man... my butt is hot after workout. see my profile hey man... my butt is hot after workout. see my profile ,112
1600,Fatoch4,2280470815,"Fitness Art

Nik BuzHan
Artist
 Artstation ¬© 2018 ",50
1602,AmyMerone,251220764,Fascinating to be going deeper into the practice of yoga nidra this weekend to understand the neuroscience and phil‚Ä¶ ,117
1603,Matty_Damonte,2574408551,mmm..boy =) ass is hurts after workout. look my bio mmm..boy =) ass is hurts after workout. look my bio ,104
1607,AmznDealAlert,538262707,#AmazonGiveaway Aerial Yoga Swing - Gym Strength Antigravity Yoga Hammock - Inversion Trapeze Sling Equipment with‚Ä¶ ,116
1610,drk75,24412388,Clear evidence that city centers should prioritize cycling and walking. Can‚Äôt understand why shop owners are always‚Ä¶ ,117
1612,Northy02,19453266,ooomm..honey =) my ass is tense after workout. Just go at my profile ooomm..honey =) my ass is tense after workout.‚Ä¶ ,117
1613,SGottliebFDA,2904169317,#FDA reminds parents don‚Äôt feed honey to children younger than 1 year after honey pacifiers suspected in 4 Texas in‚Ä¶ ,117
1618,SoulzBreaker2,1539792913,mmm..my boy :* my butt hot after workout. Just go on my profile mmm..my boy :* my butt hot after workout. Just go o‚Ä¶ ,117
1625,Nationfamily16,275109032,"üíöAging backwards
üíõNo more headaches 
üíúHaven't been sick in 18 months 
üíóDigestive support
üíôSleep like a grandpa 
‚ù§Ô∏èM‚Ä¶ ",117
1630,myFayToday,39845469,"Kudos
All About Fitness Family and their hard work in providing hundreds of Thanksgiving food boxes to those in nee‚Ä¶ ",117
1633,HarmonyAshtanga,469576368,The Ashtanga Yoga Practice can become a moving meditation if you are quiet enough. Silence is the key to hearing th‚Ä¶ ,117
1637,kildragon2000,2271658471,mmm..my boy. ass hot after workout. see my bio mmm..my boy. ass hot after workout. see my bio ,94
1640,mistercraft66,2229021303,hey.. ass hot after workout. look my bio hey.. ass hot after workout. look my bio ,82
1647,mccannltc,3021716824,"Long-Term Care happens at all ages.Risk increase with #longevity. Cost of care is high, stress &amp; burden on family i‚Ä¶ ",121
1651,FevziDuhan,934224746,mmm..boy =) ass is hurts after workout. look my bio mmm..boy =) ass is hurts after workout. look my bio ,104
1653,BlakSisGODDESS,3274824277,"#ShiftingPerspectives

Its Always in ALL WAYS about

 SEMA = UNION = YOGA

üî•üî•üî•üî•üî•üî•üî•üî•üî•
#TheDeloweLoft‚Ä¶ ",101
1654,betsydn,1177259142,#Athletes require fuel to excel! Maximize your workout with important #nutrition:  ,83
1663,GrasshopperWay,470321148,"Universal intelligence
Is creating the flavor of me
I embrace who I am

#Mantra #Yoga ",86
1664,mccannltc,3021716824,"Long-Term Care happens at all ages. Risk increases with #longevity. Cost of care is high, stress &amp; burden on family‚Ä¶ ",121
1665,DavisMichellee,304750471,"Encourage, lift and Inspire. Everyone is welcome here. We want you to succeed and do well on your fitness journey.‚Ä¶ ",116
1669,TimoHarms2,3386308504,hey =) my ass is tense after workout. Just see my profile hey =) my ass is tense after workout. Just see my profile ,116
1670,doverdonedidit,405094521,ohh! darling... ass tense after workout. go on my bio ohh! darling... ass tense after workout. go on my bio ,108
1674,Net_positives,3043596858,"The way forward is extremely clear. Its not about re-running the 2016 referendum, but about asking people whether t‚Ä¶ ",117
1676,liftrepapp,1202111689,"#chestday #chestworkout logged in LiftRep! Heavy lifts down, but reps up on the lighter supplementary exercises, so‚Ä¶ ",117
1678,Andreazago1997,586002765,"mm..my man, my ass is tense after workout. Just see my bio mm..my man, my ass is tense after workout. Just see my b‚Ä¶ ",117
1679,123tgou,1448994223,Sparta runner woman ... ,24
1680,bylacivert,192336763,I'm at Bay-Sport Fitness in Bolu ,33
1681,DuranHill,371406689,Test tube kidneys 'go rogue' and sprout BRAIN and muscle cells ,63
1691,newdawnsarah,2415751193,It's a struggle to make time for family life &amp; the gym. Consider combining the two:  ,89
1693,Shaungtp,21244694,Not too shabby for a kid who hardly ever trains deadlift and is in the middle of a weight cut for wrestling. If I c‚Ä¶ ,117
1697,radiofreeorg,440255271,"Israel Shuts Vital Crossing, But Gazans Will Not ‚ÄòDie in Silence‚Äô...  #GazaStrip #Health‚Ä¶ ",90
1698,Xab0u,3434737264,"ooomm..honey, my ass hot after workout. Just see my bio ooomm..honey, my ass hot after workout. Just see my bio ",112
1702,raul_america,14376061,"I'm at Planet Fitness in Benbrook, TX ",38
1703,coolconz2216,2357518189,mmm..my boy.. my ass is hurts after workout. Just see my info mmm..my boy.. my ass is hurts after workout. Just see‚Ä¶ ,117
1705,StudioShareCo,3526410373,"Creative Ways to Deepen Your Yoga Practice
With Desiree Rumbaugh January 11-13, 2019.
Friday 6-8:30 Hip Openers, Pr‚Ä¶ ",117
1713,VoitYanick,3102146861,hey man. ass is hurts after workout. go on my bio hey man. ass is hurts after workout. go on my bio ,100
1714,DentistsWAUSA,467196071,TELEMATICS COMMUNICATION MODULE 12 LEXUS CT200H 4 RUNNER OEM PN # 86741-75012  ,79
1718,MeanOleBalloon,3080662599,hey darling.. my ass is hot after workout. Just look my info hey darling.. my ass is hot after workout. Just look m‚Ä¶ ,117
1721,DEADLIFTTIDEAD,2301655279,REPRESENTING DEADLIFT TILL I'M DEAD ‚Ä¢ BLACK on YELLOW ‚ÄºÔ∏è  quadsimodo181 quadsimodo181 545x8‚Ä¶ ,93
1723,xxxMARTIN87xxx,1620660464,"hey, ass is hurts after workout. Just see my bio hey, ass is hurts after workout. Just see my bio ",98
1727,emil_peitersen,4909318545,mm..darling. ass tense after workout. Just see my profile mm..darling. ass tense after workout. Just see my profile ,116
1729,KikoLokoKoko3,4220190633,mm..my man =) ass is tense after workout. go on my info mm..my man =) ass is tense after workout. go on my info ,112
1732,Kama_Fitness,89545958,Tomorrow is photoshoot day with Kyle Hoffman ‚Äî But we are still holding Aerial Yoga at 9am with Ren√©e Hopkins. Spac‚Ä¶ ,117
1734,AshlandYoga,2319965490,Yoga for healthy aging! ,24
1738,NicoleMBraun,19349679,"Graduated to Level 10 today! 
Ps. Thank goodness for crash mats üò¨ ‚Äî at Flirt Fitness Studio GR ",95
1740,Biel_uo,552775339,hey man.. my butt tense after workout. look my bio hey man.. my butt tense after workout. look my bio ,102
1741,dyvineessence,257481300,hey man. ass is hurts after workout. go on my bio hey man. ass is hurts after workout. go on my bio ,100
1744,loricaldon,104562719,Flex Friday a day late üòú cause it ws a really mean workout 2day involving this badass skier. I recommend if u want‚Ä¶ ,116
1747,carlosavelino66,560719627,"hey boy, my butt is tense after workout. go on my info hey boy, my butt is tense after workout. go on my info ",110
1750,fire3024,3432578441,mmm..honey. ass hurts after workout. Just look my profile mmm..honey. ass hurts after workout. Just look my profile ,116
1752,Jenny_Workout,1448603700,Summer Legs in 15 Minutes  ,27
1754,rileysc3,2578348255,"Shakyashri Bhadra is regarded as one of the previous incarnations of Dorje #Shugden

#Nepal‚Ä¶ ",93
1755,GGCNovaScotia,1426680920,The Fall for Fitness deadline has been extend until Nov 19th! ,62
1756,iamDontTouchMe,1587624355,"Happy Saturday! I have spent the last few months trimming down. The goal: fat reduction. As I look at this photo, I‚Ä¶ ",117
1757,vict0riamartini,423501835,"Went to the gym between my split shifts, I am.. a fitness icon ",63
1758,GingerBreggin,17817370,"Test tube kidneys 'go rogue' and sprout BRAIN and muscle cells
 ",64
1765,anthony_kraut,1315474268,"mm..my man, my ass is tense after workout. Just see my bio mm..my man, my ass is tense after workout. Just see my b‚Ä¶ ",117
1770,yxungdvniel,3019820201,mmm..darling.. ass is hot after workout. go at my bio mmm..darling.. ass is hot after workout. go at my bio ,108
1775,PatriciaPedroCa,993891992,I almost forgot how much fun it is to rake leaves!  Great workout however!  üôÉüçÅ ,79
1776,TeachinCheeze,248716397,ooomm..honey.. ass hurts after workout. Just see my profile ooomm..honey.. ass hurts after workout. Just see my pro‚Ä¶ ,117
1778,HesbonHezzy,285939925,On fire üî•üî• WePo Fitness Inc. ,29
1782,ConceptofJ23,1140304560,ohh. boy... my butt hurts after workout. Just look my bio ohh. boy... my butt hurts after workout. Just look my bio ,116
1785,harinamsingh,97066318,"Today: ""Inhale deep and hold the breath to your capacity, then exhale and inhale again and hold."" - Yogi Bhajan‚Ä¶ ",113
1788,List_Free_Ads,277786024,Stationary Spinning Exercise Bike Cycling Health Fitness Bicycle Cardio Gym Home  ,82
1793,amoldesai1996,3091148153,"Yoga, as heart¬†healer ",22
1794,vmbb12,65120930,Lab-grown kidneys &amp;#039;go rogue&amp;#039; ‚Äì develop BRAIN and MUSCLE cells | Daily Star ,93
1796,AIRTHERAPIES,125613775,Tonight tenchi dog and I managed to  catch the last light and go to one of our favourite places saint Mary's well.‚Ä¶ ,116
1802,_drewtastic,238758051,"ooomm..boy, my butt is tense after workout. go on my info ooomm..boy, my butt is tense after workout. go on my info ",116
1809,Dribraudinho,2998323555,mmm..boy... ass is hot after workout. go on my profile mmm..boy... ass is hot after workout. go on my profile ,110
1811,rgvinicio,292433146,mmm..honey =) my ass hot after workout. go at my info mmm..honey =) my ass hot after workout. go at my info ,108
1812,shellalmanza,2361994537,mm..my cute boy. my butt hot after workout. look my bio mm..my cute boy. my butt hot after workout. look my bio ,112
1813,chong_dj,336516195,hey man =) my butt is tense after workout. go on my profile hey man =) my butt is tense after workout. go on my pro‚Ä¶ ,117
1815,CaptaineZen,883065134,hey darling.. my butt tense after workout. Just see my info hey darling.. my butt tense after workout. Just see my‚Ä¶ ,116
1816,TrifectaGG,2751915559,"Yesterday, we toppled the world champions. Today, we're looking to do the same against the runner ups. Our‚Ä¶ ",108
1817,LuisLf59,2827340991,hey. ass is tense after workout. see my info hey. ass is tense after workout. see my info ,90
1818,nickelln,444700858,hey boy... ass hurts after workout. Just go at my bio hey boy... ass hurts after workout. Just go at my bio ,108
1822,lulu27122002,3634805543,hey man =) my butt is tense after workout. go on my profile hey man =) my butt is tense after workout. go on my pro‚Ä¶ ,117
1824,gabrielfoizer14,3131853755,hey man. ass is hurts after workout. go on my bio hey man. ass is hurts after workout. go on my bio ,100
1827,UlisesJoelTadeo,3298846649,ohh. boy... my butt hurts after workout. Just look my bio ohh. boy... my butt hurts after workout. Just look my bio ,116
1828,ErickRuly,164789221,"I'm at Delta Fitness in Xalapa, VER, Veracruz ",46
1829,Pilou2115,2855397837,ooomm..honey =) my ass is tense after workout. Just go at my profile ooomm..honey =) my ass is tense after workout.‚Ä¶ ,117
1833,YusufErenMutlu1,3147949697,hey boy =) my butt hurts after workout. look my bio hey boy =) my butt hurts after workout. look my bio ,104
1834,kingstarbd,3100065758,XANES M11 1.3‚Äù TFT Color Touch Screen IP67 Waterproof Smart Watch Sleep Heart Rate Monitor Multiple Sports... ,110
1837,miguelfangelo,2573168880,mm..my cute boy. my butt hot after workout. look my bio mm..my cute boy. my butt hot after workout. look my bio ,112
1841,yashrocks15,4887892223,Third Reality Show In A Year!! Bigg Boss Season 11!! Winning A Lot Of Hearts And Blessing From A Lot Of People!!‚Ä¶ ,114
1851,MissFit_VI100,30759276,Baby üë∂üèæ X Official Baby Dedication to On Track Total Fitness ‚ò∫Ô∏è We are so happy to have you back auroralovely. It‚Äôs‚Ä¶ ,117
1856,GuilleRuggeroni,179382222,ooomm..my cute boy... ass tense after workout. Just go at my bio ooomm..my cute boy... ass tense after workout. Jus‚Ä¶ ,117
1858,ThomasBoucher9,1705730244,ohh. my cute boy.. ass is hot after workout. look my profile ohh. my cute boy.. ass is hot after workout. look my p‚Ä¶ ,117
1859,alaugh52,23143287,Here are some low-impact exercises you can use at any age or fitness level. #fitness  ,86
1860,TrueHealthINIT,3612242903,"Don‚Äôt skimp on the sleep! ‚ÄúIn healthy adults, overnight sleep deprivation will trigger anxiety the next morning...‚Äù‚Ä¶ ",117
1861,jacobseal02,2949354455,"mm..darling, ass is hurts after workout. see my profile mm..darling, ass is hurts after workout. see my profile ",112
1862,passionitangel,2235401833,Runner ,7
1863,Shape_Magazine,30947351,Eat your way strong with these muscle-pumping protein foods. ,61
1866,ProceduralGen,1405485158,"Control setup to allow more mousepad real estate as I don't have a fancy gaming left hand device üòã.
Mostly the same‚Ä¶ ",117
1868,alliyah4truth,145619860,"Surprise, surprise: Lab-grown mini-kidneys unexpectedly develop brain &amp; muscle cells ",89
1876,hectormtc7,2697197347,mmm..boy =) my butt is tense after workout. go at my profile mmm..boy =) my butt is tense after workout. go at my p‚Ä¶ ,117
1877,hollycooperyoga,68755568,Wow what an amazing way to start the day. Teaching up high in the sky for Yoga in the Sky is truly unique. Come alo‚Ä¶ ,117
1880,robintizzard,28405213,Track closure does not stop me on this Saturday morning. Ran in the ice rink and got 4X my day goal for stairs DONE‚Ä¶ ,117
1888,Rapt0ra,2726175341,mmm..boy :* my butt hurts after workout. look my info mmm..boy :* my butt hurts after workout. look my info ,108
1889,cobaltjacket,61549961,"This is old, but I will repost. A pediatric cardio-thoracic surgeon describes the process of a transplant, from his‚Ä¶ ",117
1890,Bzucht,44247115,Way to go #strathconacounty The county won the ChooseWell Healthy Community Award for several of its planning initi‚Ä¶ ,117
1894,Jud_Workout,1449323035,Fitness Workout For Two  ,25
1895,geco_hortelano,953049823,Light Workout: BACARDIO üî• ,26
1897,Record_Sport,358235006,The Albania team is in and Rangers winger Eros Grezda starts despite worries over his fitness‚Ä¶ ,95
1900,tomrousseyABC7,130971502,"Maryland UP on #9 Ohio State by a touchdown at the half!
Still a long way to go but this is exciting!
The Terps, es‚Ä¶ ",117
1902,asfaportsmouth,1122928614,Right that‚Äôs the first hour and half under the belt üö¥üèª‚Äç‚ôÄÔ∏èüö£üèª‚Äç‚ôÇÔ∏èüèãüèª‚Äç‚ôÄÔ∏è ‚Äî at 24/7 Fitness ,86
1903,rlinalan89,4818552563,#yoga CAP Barbell Deluxe Bench w/ 100-Pound Weight Set  ,56
1908,hackler323,348790552,mm..my man.. ass is tense after workout. go at my info mm..my man.. ass is tense after workout. go at my info ,110
1909,HCChargers,155533817,"TOUCHDOWN CHARGERS!
Chance finds Austin Sandusky from 10 yards out and we are ALL. TIED. UP!
Chance bought time, sc‚Ä¶ ",117
1912,seldomstatic,4945481,"daily workout, done! #GTSport ",30
1914,UCentreFry,2166744518,When you visit home from college and find out your parents have turned your bedroom into a personal WORKOUT ROOM‚Ä¶ ,114
1915,iDxst,4819556727,mmm..my boy :* my butt hot after workout. Just go on my profile mmm..my boy :* my butt hot after workout. Just go o‚Ä¶ ,117
1916,VRGATA,3260158735,"‚ÄúTrue work of art is but a shadow of the Devine perfection‚Äù #Michelangelo
_________________________________________‚Ä¶ ",117
1918,mario_david_17,1601249978,hey boy :* my ass hot after workout. go on my info hey boy :* my ass hot after workout. go on my info ,102
1920,yogaluv,22234296,Time to rock this B out. Move your body today y‚Äôall! #gymtime ,62
1921,h2rplyricast,86613892,"ü§îso wrapping up the Demo, go harder than most artist AlbumüòÇü§£üòë Everytime I think about the struggle, will I bubble o‚Ä¶ ",117
1922,guiller6_nav,1367235782,mm..my boy =) ass hot after workout. Just see my profile mm..my boy =) ass hot after workout. Just see my profile ,114
1926,ConnyHHPhoto,294241405,Swimming in the morning. Then Deep-Work-Workout in the Gym. Note to myself: If you don‚Äôt want a hairdryer to be inv‚Ä¶ ,117
1930,AnabolicOrg,3167827178,"Developing muscle is based on the inflammation of the muscle fiber, due to resistance training. Different factors,‚Ä¶ ",116
1938,rachel910n,455466830,Weight Health &amp; Wealth- God is your Strength: Workouts with Lift 4 ,71
1941,MightNotBeDJ,275798076,Post workout meal ü§§ü§§ü§§ü§§ ,23
1947,tnunnley,232527720,"hey, ass is hurts after workout. Just see my bio hey, ass is hurts after workout. Just see my bio ",98
1948,AidanGrierson,2270052882,hey boy :* my ass hot after workout. go on my info hey boy :* my ass hot after workout. go on my info ,102
1949,YogaForce,18857047,Using Yoga and Tai Chi Chuan to Tune Into Your Body and Reduce Stress ,70
1951,PaulHungerford1,3625223175,hey man :* ass hurts after workout. see my info hey man :* ass hurts after workout. see my info ,96
1953,LostintimeThom,4672484022,ohh. my boy :* my butt is hurts after workout. Just see my bio ohh. my boy :* my butt is hurts after workout. Just‚Ä¶ ,116
1955,kieranccfc21,2953265963,ooomm..honey.. ass hurts after workout. Just see my profile ooomm..honey.. ass hurts after workout. Just see my pro‚Ä¶ ,117
1956,MichaelPanda123,1007883361,ooomm..honey... my ass is hot after workout. go at my bio ooomm..honey... my ass is hot after workout. go at my bio ,116
1958,jimHartsing,38733801,I walked outdoors for 8.28 MI with the Workout app on my #AppleWatch.#fit ,74
1959,naeem2255,44546174,Stylish Contrast Color Panel Yoga Legging ,42
1968,rockdrigo_79,220076428,I just finished cycling 102.74 km in 4h:40m:21s with #Endomondo #endorphins ,76
1970,celalgler3,409594257,I'm at prv fitness clup ,24
1972,CStyles4sho,24255221,"Don‚Äôt sleep on this!üëåüèΩ HEMP SEED OIL:
Rich, Nutty and Nutritious
The richest, most balanced source of essential fat‚Ä¶ ",117
1973,ilias21a,423736175,mm..my boy =) my butt hot after workout. go on my bio mm..my boy =) my butt hot after workout. go on my bio ,108
1975,spicyhentai__,197225849,ooomm..honey... ass hurts after workout. Just go on my bio ooomm..honey... ass hurts after workout. Just go on my b‚Ä¶ ,117
1976,RandazzoMarket,91274754,"New and Amazing at Randazzo Fresh Market, Fit 2 Go Meals!!!!!   These healthy low calorie meals are prepared daily‚Ä¶ ",116
1979,TooTrev,2407662674,"ooomm..my man, my ass hot after workout. Just see my info ooomm..my man, my ass hot after workout. Just see my info ",116
1980,VintageRetroAtq,858606402,Rubies Superman Childs Muscle Chest Top Costume from NiftyWarehouse - link  ,76
1981,jobsxlusa,3331328693,Fitness Sales Associate ,24
1982,KhanZincker,1242687302,hey boy =) my ass hurts after workout. go on my profile hey boy =) my ass hurts after workout. go on my profile ,112
1983,hollllaitshailz,227447291,If you want to have a good workout: ,36
1984,The_Defn,3805605801,ohh! darling... ass tense after workout. go on my bio ohh! darling... ass tense after workout. go on my bio ,108
1985,RIIL_sports,361409312,North Kingstown running back Tyler Khalfayan barrels into the end zone to give the Skippers the lead 7-6 over Crans‚Ä¶ ,117
1986,roadcc,19336007,Six figure settlement for cyclist after driver turned right across her path during sportive #cycling‚Ä¶ ,102
1991,MrJnight14,421466693,hey man.. my butt is hurts after workout. go on my info hey man.. my butt is hurts after workout. go on my info ,112
1994,mkutteri,76306840,"My heartfelt thanks to INYGMA Kerala chapter for inviting me as a speaker in the Kerala state convention (""Nerarivu‚Ä¶ ",117
1999,MISSxxxNICOLE,90086253,All done with my workout ,25
